Setup time,1,2,3,4,5,6,7,8,9,10,11,12,13,14,15,16,17,18,19,20,21,22,23,24,25,26,27,28,29,30,31,32,33,34,35,36,37,38,39,40,41,42,43,44,45,46,47,48,49,50,51,52,53,54,55,56,57,58,59,60,61,62,63,64,65,66,67,68,69,70,71,72,73,74,75,76,77,78,79,80,81,82,83,84,85,86,87,88,89,90,91,92,93,94,95,96,97,98,99,100
1,0,10,10,10,10,10,10,10,10,10,10,10,10,10,10,10,10,10,10,0,10,10,10,10,10,10,10,10,10,10,10,10,10,10,10,10,10,0,0,10,10,10,10,10,10,10,10,10,10,10,10,10,10,10,10,10,10,10,10,10,10,10,10,10,10,10,10,10,10,10,10,10,0,10,10,10,10,10,10,10,10,10,10,10,10,10,10,10,10,10,10,10,10,10,0,10,0,10,10,10
2,10,0,10,10,10,10,10,10,10,10,10,10,10,10,10,10,10,10,10,10,10,0,0,10,0,10,10,10,10,0,10,10,10,10,10,10,10,10,10,10,10,0,10,10,10,10,10,10,10,10,10,10,10,10,10,10,10,10,10,10,10,10,10,10,0,10,0,10,10,10,10,10,10,10,0,0,10,10,0,10,10,10,10,10,10,10,10,10,10,0,10,10,10,10,10,10,10,10,10,10
3,10,10,0,10,0,10,10,10,10,10,0,10,10,10,10,0,10,10,10,10,10,10,10,10,10,10,10,10,10,10,10,10,0,10,10,10,10,10,10,10,10,10,0,10,10,10,10,10,10,10,0,10,10,10,10,10,10,10,10,10,10,0,10,10,10,10,10,10,10,10,10,10,10,10,10,10,0,10,10,10,10,10,10,10,10,10,10,10,10,10,10,10,10,10,10,10,10,0,10,10
4,10,10,10,0,10,0,10,10,10,10,10,0,10,10,10,10,10,0,10,10,10,10,10,10,10,10,10,10,10,10,0,10,10,10,10,10,10,10,10,10,10,10,10,10,10,0,10,10,10,0,10,10,10,10,10,10,0,10,10,0,10,10,10,10,10,10,10,10,10,10,10,10,10,10,10,10,10,10,10,10,10,10,10,10,10,10,10,0,10,10,10,10,10,10,10,10,10,10,10,10
5,10,10,0,10,0,10,10,10,10,10,0,10,10,10,10,0,10,10,10,10,10,10,10,10,10,10,10,10,10,10,10,10,0,10,10,10,10,10,10,10,10,10,0,10,10,10,10,10,10,10,0,10,10,10,10,10,10,10,10,10,10,0,10,10,10,10,10,10,10,10,10,10,10,10,10,10,0,10,10,10,10,10,10,10,10,10,10,10,10,10,10,10,10,10,10,10,10,0,10,10
6,10,10,10,0,10,0,10,10,10,10,10,0,10,10,10,10,10,0,10,10,10,10,10,10,10,10,10,10,10,10,0,10,10,10,10,10,10,10,10,10,10,10,10,10,10,0,10,10,10,0,10,10,10,10,10,10,0,10,10,0,10,10,10,10,10,10,10,10,10,10,10,10,10,10,10,10,10,10,10,10,10,10,10,10,10,10,10,0,10,10,10,10,10,10,10,10,10,10,10,10
7,10,10,10,10,10,10,0,10,10,10,10,10,10,10,10,10,10,10,10,10,10,10,10,10,10,10,10,10,10,10,10,10,10,10,10,10,10,10,10,10,0,10,10,10,10,10,10,10,10,10,10,10,10,10,0,0,10,10,0,10,10,10,10,10,10,10,10,10,10,10,10,0,10,10,10,10,10,10,10,10,0,10,10,10,10,10,0,10,0,10,10,10,10,10,10,10,10,10,10,10
8,10,10,10,10,10,10,10,0,10,10,10,10,10,10,10,10,10,10,10,10,10,10,10,10,10,10,10,10,10,10,10,10,10,10,10,10,10,10,10,10,10,10,10,0,0,10,10,10,0,10,10,10,10,10,10,10,10,10,10,10,0,10,10,0,10,10,10,10,0,10,10,10,10,0,10,10,10,10,10,10,10,0,10,10,10,10,10,10,10,10,10,0,10,0,10,10,10,10,10,10
9,10,10,10,10,10,10,10,10,0,10,10,10,10,10,10,10,0,10,10,10,10,10,10,10,10,0,10,10,10,10,10,10,10,10,10,0,10,10,10,10,10,10,10,10,10,10,10,10,10,10,10,10,0,10,10,10,10,10,10,10,10,10,10,10,10,0,10,10,10,10,10,10,10,10,10,10,10,10,10,0,10,10,10,10,10,0,10,10,10,10,10,10,0,10,10,10,10,10,10,10
10,10,10,10,10,10,10,10,10,10,0,10,10,10,10,10,10,10,10,10,10,10,10,10,10,10,10,10,10,10,10,10,10,10,0,0,10,10,10,10,10,10,10,10,10,10,10,10,0,10,10,10,0,10,10,10,10,10,10,10,10,10,10,10,10,10,10,10,10,10,0,10,10,10,10,10,10,10,10,10,10,10,10,10,0,10,10,10,10,10,10,10,10,10,10,10,0,10,10,10,10
11,10,10,0,10,0,10,10,10,10,10,0,10,10,10,10,0,10,10,10,10,10,10,10,10,10,10,10,10,10,10,10,10,0,10,10,10,10,10,10,10,10,10,0,10,10,10,10,10,10,10,0,10,10,10,10,10,10,10,10,10,10,0,10,10,10,10,10,10,10,10,10,10,10,10,10,10,0,10,10,10,10,10,10,10,10,10,10,10,10,10,10,10,10,10,10,10,10,0,10,10
12,10,10,10,0,10,0,10,10,10,10,10,0,10,10,10,10,10,0,10,10,10,10,10,10,10,10,10,10,10,10,0,10,10,10,10,10,10,10,10,10,10,10,10,10,10,0,10,10,10,0,10,10,10,10,10,10,0,10,10,0,10,10,10,10,10,10,10,10,10,10,10,10,10,10,10,10,10,10,10,10,10,10,10,10,10,10,10,0,10,10,10,10,10,10,10,10,10,10,10,10
13,10,10,10,10,10,10,10,10,10,10,10,10,0,0,10,10,10,10,10,10,0,10,10,0,10,10,10,10,10,10,10,0,10,10,10,10,10,10,10,0,10,10,10,10,10,10,10,10,10,10,10,10,10,0,10,10,10,10,10,10,10,10,0,10,10,10,10,10,10,10,0,10,10,10,10,10,10,10,10,10,10,10,0,10,10,10,10,10,10,10,0,10,10,10,10,10,10,10,0,0
14,10,10,10,10,10,10,10,10,10,10,10,10,0,0,10,10,10,10,10,10,0,10,10,0,10,10,10,10,10,10,10,0,10,10,10,10,10,10,10,0,10,10,10,10,10,10,10,10,10,10,10,10,10,0,10,10,10,10,10,10,10,10,0,10,10,10,10,10,10,10,0,10,10,10,10,10,10,10,10,10,10,10,0,10,10,10,10,10,10,10,0,10,10,10,10,10,10,10,0,0
15,10,10,10,10,10,10,10,10,10,10,10,10,10,10,0,10,10,10,0,10,10,10,10,10,10,10,0,0,0,10,10,10,10,10,10,10,0,10,10,10,10,10,10,10,10,10,0,10,10,10,10,10,10,10,10,10,10,0,10,10,10,10,10,10,10,10,10,0,10,10,10,10,10,10,10,10,10,0,10,10,10,10,10,10,0,10,10,10,10,10,10,10,10,10,10,10,10,10,10,10
16,10,10,0,10,0,10,10,10,10,10,0,10,10,10,10,0,10,10,10,10,10,10,10,10,10,10,10,10,10,10,10,10,0,10,10,10,10,10,10,10,10,10,0,10,10,10,10,10,10,10,0,10,10,10,10,10,10,10,10,10,10,0,10,10,10,10,10,10,10,10,10,10,10,10,10,10,0,10,10,10,10,10,10,10,10,10,10,10,10,10,10,10,10,10,10,10,10,0,10,10
17,10,10,10,10,10,10,10,10,0,10,10,10,10,10,10,10,0,10,10,10,10,10,10,10,10,0,10,10,10,10,10,10,10,10,10,0,10,10,10,10,10,10,10,10,10,10,10,10,10,10,10,10,0,10,10,10,10,10,10,10,10,10,10,10,10,0,10,10,10,10,10,10,10,10,10,10,10,10,10,0,10,10,10,10,10,0,10,10,10,10,10,10,0,10,10,10,10,10,10,10
18,10,10,10,0,10,0,10,10,10,10,10,0,10,10,10,10,10,0,10,10,10,10,10,10,10,10,10,10,10,10,0,10,10,10,10,10,10,10,10,10,10,10,10,10,10,0,10,10,10,0,10,10,10,10,10,10,0,10,10,0,10,10,10,10,10,10,10,10,10,10,10,10,10,10,10,10,10,10,10,10,10,10,10,10,10,10,10,0,10,10,10,10,10,10,10,10,10,10,10,10
19,10,10,10,10,10,10,10,10,10,10,10,10,10,10,0,10,10,10,0,10,10,10,10,10,10,10,0,0,0,10,10,10,10,10,10,10,0,10,10,10,10,10,10,10,10,10,0,10,10,10,10,10,10,10,10,10,10,0,10,10,10,10,10,10,10,10,10,0,10,10,10,10,10,10,10,10,10,0,10,10,10,10,10,10,0,10,10,10,10,10,10,10,10,10,10,10,10,10,10,10
20,0,10,10,10,10,10,10,10,10,10,10,10,10,10,10,10,10,10,10,0,10,10,10,10,10,10,10,10,10,10,10,10,10,10,10,10,10,0,0,10,10,10,10,10,10,10,10,10,10,10,10,10,10,10,10,10,10,10,10,10,10,10,10,10,10,10,10,10,10,10,10,10,0,10,10,10,10,10,10,10,10,10,10,10,10,10,10,10,10,10,10,10,10,10,0,10,0,10,10,10
21,10,10,10,10,10,10,10,10,10,10,10,10,0,0,10,10,10,10,10,10,0,10,10,0,10,10,10,10,10,10,10,0,10,10,10,10,10,10,10,0,10,10,10,10,10,10,10,10,10,10,10,10,10,0,10,10,10,10,10,10,10,10,0,10,10,10,10,10,10,10,0,10,10,10,10,10,10,10,10,10,10,10,0,10,10,10,10,10,10,10,0,10,10,10,10,10,10,10,0,0
22,10,0,10,10,10,10,10,10,10,10,10,10,10,10,10,10,10,10,10,10,10,0,0,10,0,10,10,10,10,0,10,10,10,10,10,10,10,10,10,10,10,0,10,10,10,10,10,10,10,10,10,10,10,10,10,10,10,10,10,10,10,10,10,10,0,10,0,10,10,10,10,10,10,10,0,0,10,10,0,10,10,10,10,10,10,10,10,10,10,0,10,10,10,10,10,10,10,10,10,10
23,10,0,10,10,10,10,10,10,10,10,10,10,10,10,10,10,10,10,10,10,10,0,0,10,0,10,10,10,10,0,10,10,10,10,10,10,10,10,10,10,10,0,10,10,10,10,10,10,10,10,10,10,10,10,10,10,10,10,10,10,10,10,10,10,0,10,0,10,10,10,10,10,10,10,0,0,10,10,0,10,10,10,10,10,10,10,10,10,10,0,10,10,10,10,10,10,10,10,10,10
24,10,10,10,10,10,10,10,10,10,10,10,10,0,0,10,10,10,10,10,10,0,10,10,0,10,10,10,10,10,10,10,0,10,10,10,10,10,10,10,0,10,10,10,10,10,10,10,10,10,10,10,10,10,0,10,10,10,10,10,10,10,10,0,10,10,10,10,10,10,10,0,10,10,10,10,10,10,10,10,10,10,10,0,10,10,10,10,10,10,10,0,10,10,10,10,10,10,10,0,0
25,10,0,10,10,10,10,10,10,10,10,10,10,10,10,10,10,10,10,10,10,10,0,0,10,0,10,10,10,10,0,10,10,10,10,10,10,10,10,10,10,10,0,10,10,10,10,10,10,10,10,10,10,10,10,10,10,10,10,10,10,10,10,10,10,0,10,0,10,10,10,10,10,10,10,0,0,10,10,0,10,10,10,10,10,10,10,10,10,10,0,10,10,10,10,10,10,10,10,10,10
26,10,10,10,10,10,10,10,10,0,10,10,10,10,10,10,10,0,10,10,10,10,10,10,10,10,0,10,10,10,10,10,10,10,10,10,0,10,10,10,10,10,10,10,10,10,10,10,10,10,10,10,10,0,10,10,10,10,10,10,10,10,10,10,10,10,0,10,10,10,10,10,10,10,10,10,10,10,10,10,0,10,10,10,10,10,0,10,10,10,10,10,10,0,10,10,10,10,10,10,10
27,10,10,10,10,10,10,10,10,10,10,10,10,10,10,0,10,10,10,0,10,10,10,10,10,10,10,0,0,0,10,10,10,10,10,10,10,0,10,10,10,10,10,10,10,10,10,0,10,10,10,10,10,10,10,10,10,10,0,10,10,10,10,10,10,10,10,10,0,10,10,10,10,10,10,10,10,10,0,10,10,10,10,10,10,0,10,10,10,10,10,10,10,10,10,10,10,10,10,10,10
28,10,10,10,10,10,10,10,10,10,10,10,10,10,10,0,10,10,10,0,10,10,10,10,10,10,10,0,0,0,10,10,10,10,10,10,10,0,10,10,10,10,10,10,10,10,10,0,10,10,10,10,10,10,10,10,10,10,0,10,10,10,10,10,10,10,10,10,0,10,10,10,10,10,10,10,10,10,0,10,10,10,10,10,10,0,10,10,10,10,10,10,10,10,10,10,10,10,10,10,10
29,10,10,10,10,10,10,10,10,10,10,10,10,10,10,0,10,10,10,0,10,10,10,10,10,10,10,0,0,0,10,10,10,10,10,10,10,0,10,10,10,10,10,10,10,10,10,0,10,10,10,10,10,10,10,10,10,10,0,10,10,10,10,10,10,10,10,10,0,10,10,10,10,10,10,10,10,10,0,10,10,10,10,10,10,0,10,10,10,10,10,10,10,10,10,10,10,10,10,10,10
30,10,0,10,10,10,10,10,10,10,10,10,10,10,10,10,10,10,10,10,10,10,0,0,10,0,10,10,10,10,0,10,10,10,10,10,10,10,10,10,10,10,0,10,10,10,10,10,10,10,10,10,10,10,10,10,10,10,10,10,10,10,10,10,10,0,10,0,10,10,10,10,10,10,10,0,0,10,10,0,10,10,10,10,10,10,10,10,10,10,0,10,10,10,10,10,10,10,10,10,10
31,10,10,10,0,10,0,10,10,10,10,10,0,10,10,10,10,10,0,10,10,10,10,10,10,10,10,10,10,10,10,0,10,10,10,10,10,10,10,10,10,10,10,10,10,10,0,10,10,10,0,10,10,10,10,10,10,0,10,10,0,10,10,10,10,10,10,10,10,10,10,10,10,10,10,10,10,10,10,10,10,10,10,10,10,10,10,10,0,10,10,10,10,10,10,10,10,10,10,10,10
32,10,10,10,10,10,10,10,10,10,10,10,10,0,0,10,10,10,10,10,10,0,10,10,0,10,10,10,10,10,10,10,0,10,10,10,10,10,10,10,0,10,10,10,10,10,10,10,10,10,10,10,10,10,0,10,10,10,10,10,10,10,10,0,10,10,10,10,10,10,10,0,10,10,10,10,10,10,10,10,10,10,10,0,10,10,10,10,10,10,10,0,10,10,10,10,10,10,10,0,0
33,10,10,0,10,0,10,10,10,10,10,0,10,10,10,10,0,10,10,10,10,10,10,10,10,10,10,10,10,10,10,10,10,0,10,10,10,10,10,10,10,10,10,0,10,10,10,10,10,10,10,0,10,10,10,10,10,10,10,10,10,10,0,10,10,10,10,10,10,10,10,10,10,10,10,10,10,0,10,10,10,10,10,10,10,10,10,10,10,10,10,10,10,10,10,10,10,10,0,10,10
34,10,10,10,10,10,10,10,10,10,0,10,10,10,10,10,10,10,10,10,10,10,10,10,10,10,10,10,10,10,10,10,10,10,0,0,10,10,10,10,10,10,10,10,10,10,10,10,0,10,10,10,0,10,10,10,10,10,10,10,10,10,10,10,10,10,10,10,10,10,0,10,10,10,10,10,10,10,10,10,10,10,10,10,0,10,10,10,10,10,10,10,10,10,10,10,0,10,10,10,10
35,10,10,10,10,10,10,10,10,10,0,10,10,10,10,10,10,10,10,10,10,10,10,10,10,10,10,10,10,10,10,10,10,10,0,0,10,10,10,10,10,10,10,10,10,10,10,10,0,10,10,10,0,10,10,10,10,10,10,10,10,10,10,10,10,10,10,10,10,10,0,10,10,10,10,10,10,10,10,10,10,10,10,10,0,10,10,10,10,10,10,10,10,10,10,10,0,10,10,10,10
36,10,10,10,10,10,10,10,10,0,10,10,10,10,10,10,10,0,10,10,10,10,10,10,10,10,0,10,10,10,10,10,10,10,10,10,0,10,10,10,10,10,10,10,10,10,10,10,10,10,10,10,10,0,10,10,10,10,10,10,10,10,10,10,10,10,0,10,10,10,10,10,10,10,10,10,10,10,10,10,0,10,10,10,10,10,0,10,10,10,10,10,10,0,10,10,10,10,10,10,10
37,10,10,10,10,10,10,10,10,10,10,10,10,10,10,0,10,10,10,0,10,10,10,10,10,10,10,0,0,0,10,10,10,10,10,10,10,0,10,10,10,10,10,10,10,10,10,0,10,10,10,10,10,10,10,10,10,10,0,10,10,10,10,10,10,10,10,10,0,10,10,10,10,10,10,10,10,10,0,10,10,10,10,10,10,0,10,10,10,10,10,10,10,10,10,10,10,10,10,10,10
38,0,10,10,10,10,10,10,10,10,10,10,10,10,10,10,10,10,10,10,0,10,10,10,10,10,10,10,10,10,10,10,10,10,10,10,10,10,0,0,10,10,10,10,10,10,10,10,10,10,10,10,10,10,10,10,10,10,10,10,10,10,10,10,10,10,10,10,10,10,10,10,10,0,10,10,10,10,10,10,10,10,10,10,10,10,10,10,10,10,10,10,10,10,10,0,10,0,10,10,10
39,0,10,10,10,10,10,10,10,10,10,10,10,10,10,10,10,10,10,10,0,10,10,10,10,10,10,10,10,10,10,10,10,10,10,10,10,10,0,0,10,10,10,10,10,10,10,10,10,10,10,10,10,10,10,10,10,10,10,10,10,10,10,10,10,10,10,10,10,10,10,10,10,0,10,10,10,10,10,10,10,10,10,10,10,10,10,10,10,10,10,10,10,10,10,0,10,0,10,10,10
40,10,10,10,10,10,10,10,10,10,10,10,10,0,0,10,10,10,10,10,10,0,10,10,0,10,10,10,10,10,10,10,0,10,10,10,10,10,10,10,0,10,10,10,10,10,10,10,10,10,10,10,10,10,0,10,10,10,10,10,10,10,10,0,10,10,10,10,10,10,10,0,10,10,10,10,10,10,10,10,10,10,10,0,10,10,10,10,10,10,10,0,10,10,10,10,10,10,10,0,0
41,10,10,10,10,10,10,0,10,10,10,10,10,10,10,10,10,10,10,10,10,10,10,10,10,10,10,10,10,10,10,10,10,10,10,10,10,10,10,10,10,0,10,10,10,10,10,10,10,10,10,10,10,10,10,0,0,10,10,0,10,10,10,10,10,10,10,10,10,10,10,10,0,10,10,10,10,10,10,10,10,0,10,10,10,10,10,0,10,0,10,10,10,10,10,10,10,10,10,10,10
42,10,0,10,10,10,10,10,10,10,10,10,10,10,10,10,10,10,10,10,10,10,0,0,10,0,10,10,10,10,0,10,10,10,10,10,10,10,10,10,10,10,0,10,10,10,10,10,10,10,10,10,10,10,10,10,10,10,10,10,10,10,10,10,10,0,10,0,10,10,10,10,10,10,10,0,0,10,10,0,10,10,10,10,10,10,10,10,10,10,0,10,10,10,10,10,10,10,10,10,10
43,10,10,0,10,0,10,10,10,10,10,0,10,10,10,10,0,10,10,10,10,10,10,10,10,10,10,10,10,10,10,10,10,0,10,10,10,10,10,10,10,10,10,0,10,10,10,10,10,10,10,0,10,10,10,10,10,10,10,10,10,10,0,10,10,10,10,10,10,10,10,10,10,10,10,10,10,0,10,10,10,10,10,10,10,10,10,10,10,10,10,10,10,10,10,10,10,10,0,10,10
44,10,10,10,10,10,10,10,0,10,10,10,10,10,10,10,10,10,10,10,10,10,10,10,10,10,10,10,10,10,10,10,10,10,10,10,10,10,10,10,10,10,10,10,0,0,10,10,10,0,10,10,10,10,10,10,10,10,10,10,10,0,10,10,0,10,10,10,10,0,10,10,10,10,0,10,10,10,10,10,10,10,0,10,10,10,10,10,10,10,10,10,0,10,0,10,10,10,10,10,10
45,10,10,10,10,10,10,10,0,10,10,10,10,10,10,10,10,10,10,10,10,10,10,10,10,10,10,10,10,10,10,10,10,10,10,10,10,10,10,10,10,10,10,10,0,0,10,10,10,0,10,10,10,10,10,10,10,10,10,10,10,0,10,10,0,10,10,10,10,0,10,10,10,10,0,10,10,10,10,10,10,10,0,10,10,10,10,10,10,10,10,10,0,10,0,10,10,10,10,10,10
46,10,10,10,0,10,0,10,10,10,10,10,0,10,10,10,10,10,0,10,10,10,10,10,10,10,10,10,10,10,10,0,10,10,10,10,10,10,10,10,10,10,10,10,10,10,0,10,10,10,0,10,10,10,10,10,10,0,10,10,0,10,10,10,10,10,10,10,10,10,10,10,10,10,10,10,10,10,10,10,10,10,10,10,10,10,10,10,0,10,10,10,10,10,10,10,10,10,10,10,10
47,10,10,10,10,10,10,10,10,10,10,10,10,10,10,0,10,10,10,0,10,10,10,10,10,10,10,0,0,0,10,10,10,10,10,10,10,0,10,10,10,10,10,10,10,10,10,0,10,10,10,10,10,10,10,10,10,10,0,10,10,10,10,10,10,10,10,10,0,10,10,10,10,10,10,10,10,10,0,10,10,10,10,10,10,0,10,10,10,10,10,10,10,10,10,10,10,10,10,10,10
48,10,10,10,10,10,10,10,10,10,0,10,10,10,10,10,10,10,10,10,10,10,10,10,10,10,10,10,10,10,10,10,10,10,0,0,10,10,10,10,10,10,10,10,10,10,10,10,0,10,10,10,0,10,10,10,10,10,10,10,10,10,10,10,10,10,10,10,10,10,0,10,10,10,10,10,10,10,10,10,10,10,10,10,0,10,10,10,10,10,10,10,10,10,10,10,0,10,10,10,10
49,10,10,10,10,10,10,10,0,10,10,10,10,10,10,10,10,10,10,10,10,10,10,10,10,10,10,10,10,10,10,10,10,10,10,10,10,10,10,10,10,10,10,10,0,0,10,10,10,0,10,10,10,10,10,10,10,10,10,10,10,0,10,10,0,10,10,10,10,0,10,10,10,10,0,10,10,10,10,10,10,10,0,10,10,10,10,10,10,10,10,10,0,10,0,10,10,10,10,10,10
50,10,10,10,0,10,0,10,10,10,10,10,0,10,10,10,10,10,0,10,10,10,10,10,10,10,10,10,10,10,10,0,10,10,10,10,10,10,10,10,10,10,10,10,10,10,0,10,10,10,0,10,10,10,10,10,10,0,10,10,0,10,10,10,10,10,10,10,10,10,10,10,10,10,10,10,10,10,10,10,10,10,10,10,10,10,10,10,0,10,10,10,10,10,10,10,10,10,10,10,10
51,10,10,0,10,0,10,10,10,10,10,0,10,10,10,10,0,10,10,10,10,10,10,10,10,10,10,10,10,10,10,10,10,0,10,10,10,10,10,10,10,10,10,0,10,10,10,10,10,10,10,0,10,10,10,10,10,10,10,10,10,10,0,10,10,10,10,10,10,10,10,10,10,10,10,10,10,0,10,10,10,10,10,10,10,10,10,10,10,10,10,10,10,10,10,10,10,10,0,10,10
52,10,10,10,10,10,10,10,10,10,0,10,10,10,10,10,10,10,10,10,10,10,10,10,10,10,10,10,10,10,10,10,10,10,0,0,10,10,10,10,10,10,10,10,10,10,10,10,0,10,10,10,0,10,10,10,10,10,10,10,10,10,10,10,10,10,10,10,10,10,0,10,10,10,10,10,10,10,10,10,10,10,10,10,0,10,10,10,10,10,10,10,10,10,10,10,0,10,10,10,10
53,10,10,10,10,10,10,10,10,0,10,10,10,10,10,10,10,0,10,10,10,10,10,10,10,10,0,10,10,10,10,10,10,10,10,10,0,10,10,10,10,10,10,10,10,10,10,10,10,10,10,10,10,0,10,10,10,10,10,10,10,10,10,10,10,10,0,10,10,10,10,10,10,10,10,10,10,10,10,10,0,10,10,10,10,10,0,10,10,10,10,10,10,0,10,10,10,10,10,10,10
54,10,10,10,10,10,10,10,10,10,10,10,10,0,0,10,10,10,10,10,10,0,10,10,0,10,10,10,10,10,10,10,0,10,10,10,10,10,10,10,0,10,10,10,10,10,10,10,10,10,10,10,10,10,0,10,10,10,10,10,10,10,10,0,10,10,10,10,10,10,10,0,10,10,10,10,10,10,10,10,10,10,10,0,10,10,10,10,10,10,10,0,10,10,10,10,10,10,10,0,0
55,10,10,10,10,10,10,0,10,10,10,10,10,10,10,10,10,10,10,10,10,10,10,10,10,10,10,10,10,10,10,10,10,10,10,10,10,10,10,10,10,0,10,10,10,10,10,10,10,10,10,10,10,10,10,0,0,10,10,0,10,10,10,10,10,10,10,10,10,10,10,10,0,10,10,10,10,10,10,10,10,0,10,10,10,10,10,0,10,0,10,10,10,10,10,10,10,10,10,10,10
56,10,10,10,10,10,10,0,10,10,10,10,10,10,10,10,10,10,10,10,10,10,10,10,10,10,10,10,10,10,10,10,10,10,10,10,10,10,10,10,10,0,10,10,10,10,10,10,10,10,10,10,10,10,10,0,0,10,10,0,10,10,10,10,10,10,10,10,10,10,10,10,0,10,10,10,10,10,10,10,10,0,10,10,10,10,10,0,10,0,10,10,10,10,10,10,10,10,10,10,10
57,10,10,10,0,10,0,10,10,10,10,10,0,10,10,10,10,10,0,10,10,10,10,10,10,10,10,10,10,10,10,0,10,10,10,10,10,10,10,10,10,10,10,10,10,10,0,10,10,10,0,10,10,10,10,10,10,0,10,10,0,10,10,10,10,10,10,10,10,10,10,10,10,10,10,10,10,10,10,10,10,10,10,10,10,10,10,10,0,10,10,10,10,10,10,10,10,10,10,10,10
58,10,10,10,10,10,10,10,10,10,10,10,10,10,10,0,10,10,10,0,10,10,10,10,10,10,10,0,0,0,10,10,10,10,10,10,10,0,10,10,10,10,10,10,10,10,10,0,10,10,10,10,10,10,10,10,10,10,0,10,10,10,10,10,10,10,10,10,0,10,10,10,10,10,10,10,10,10,0,10,10,10,10,10,10,0,10,10,10,10,10,10,10,10,10,10,10,10,10,10,10
59,10,10,10,10,10,10,0,10,10,10,10,10,10,10,10,10,10,10,10,10,10,10,10,10,10,10,10,10,10,10,10,10,10,10,10,10,10,10,10,10,0,10,10,10,10,10,10,10,10,10,10,10,10,10,0,0,10,10,0,10,10,10,10,10,10,10,10,10,10,10,10,0,10,10,10,10,10,10,10,10,0,10,10,10,10,10,0,10,0,10,10,10,10,10,10,10,10,10,10,10
60,10,10,10,0,10,0,10,10,10,10,10,0,10,10,10,10,10,0,10,10,10,10,10,10,10,10,10,10,10,10,0,10,10,10,10,10,10,10,10,10,10,10,10,10,10,0,10,10,10,0,10,10,10,10,10,10,0,10,10,0,10,10,10,10,10,10,10,10,10,10,10,10,10,10,10,10,10,10,10,10,10,10,10,10,10,10,10,0,10,10,10,10,10,10,10,10,10,10,10,10
61,10,10,10,10,10,10,10,0,10,10,10,10,10,10,10,10,10,10,10,10,10,10,10,10,10,10,10,10,10,10,10,10,10,10,10,10,10,10,10,10,10,10,10,0,0,10,10,10,0,10,10,10,10,10,10,10,10,10,10,10,0,10,10,0,10,10,10,10,0,10,10,10,10,0,10,10,10,10,10,10,10,0,10,10,10,10,10,10,10,10,10,0,10,0,10,10,10,10,10,10
62,10,10,0,10,0,10,10,10,10,10,0,10,10,10,10,0,10,10,10,10,10,10,10,10,10,10,10,10,10,10,10,10,0,10,10,10,10,10,10,10,10,10,0,10,10,10,10,10,10,10,0,10,10,10,10,10,10,10,10,10,10,0,10,10,10,10,10,10,10,10,10,10,10,10,10,10,0,10,10,10,10,10,10,10,10,10,10,10,10,10,10,10,10,10,10,10,10,0,10,10
63,10,10,10,10,10,10,10,10,10,10,10,10,0,0,10,10,10,10,10,10,0,10,10,0,10,10,10,10,10,10,10,0,10,10,10,10,10,10,10,0,10,10,10,10,10,10,10,10,10,10,10,10,10,0,10,10,10,10,10,10,10,10,0,10,10,10,10,10,10,10,0,10,10,10,10,10,10,10,10,10,10,10,0,10,10,10,10,10,10,10,0,10,10,10,10,10,10,10,0,0
64,10,10,10,10,10,10,10,0,10,10,10,10,10,10,10,10,10,10,10,10,10,10,10,10,10,10,10,10,10,10,10,10,10,10,10,10,10,10,10,10,10,10,10,0,0,10,10,10,0,10,10,10,10,10,10,10,10,10,10,10,0,10,10,0,10,10,10,10,0,10,10,10,10,0,10,10,10,10,10,10,10,0,10,10,10,10,10,10,10,10,10,0,10,0,10,10,10,10,10,10
65,10,0,10,10,10,10,10,10,10,10,10,10,10,10,10,10,10,10,10,10,10,0,0,10,0,10,10,10,10,0,10,10,10,10,10,10,10,10,10,10,10,0,10,10,10,10,10,10,10,10,10,10,10,10,10,10,10,10,10,10,10,10,10,10,0,10,0,10,10,10,10,10,10,10,0,0,10,10,0,10,10,10,10,10,10,10,10,10,10,0,10,10,10,10,10,10,10,10,10,10
66,10,10,10,10,10,10,10,10,0,10,10,10,10,10,10,10,0,10,10,10,10,10,10,10,10,0,10,10,10,10,10,10,10,10,10,0,10,10,10,10,10,10,10,10,10,10,10,10,10,10,10,10,0,10,10,10,10,10,10,10,10,10,10,10,10,0,10,10,10,10,10,10,10,10,10,10,10,10,10,0,10,10,10,10,10,0,10,10,10,10,10,10,0,10,10,10,10,10,10,10
67,10,0,10,10,10,10,10,10,10,10,10,10,10,10,10,10,10,10,10,10,10,0,0,10,0,10,10,10,10,0,10,10,10,10,10,10,10,10,10,10,10,0,10,10,10,10,10,10,10,10,10,10,10,10,10,10,10,10,10,10,10,10,10,10,0,10,0,10,10,10,10,10,10,10,0,0,10,10,0,10,10,10,10,10,10,10,10,10,10,0,10,10,10,10,10,10,10,10,10,10
68,10,10,10,10,10,10,10,10,10,10,10,10,10,10,0,10,10,10,0,10,10,10,10,10,10,10,0,0,0,10,10,10,10,10,10,10,0,10,10,10,10,10,10,10,10,10,0,10,10,10,10,10,10,10,10,10,10,0,10,10,10,10,10,10,10,10,10,0,10,10,10,10,10,10,10,10,10,0,10,10,10,10,10,10,0,10,10,10,10,10,10,10,10,10,10,10,10,10,10,10
69,10,10,10,10,10,10,10,0,10,10,10,10,10,10,10,10,10,10,10,10,10,10,10,10,10,10,10,10,10,10,10,10,10,10,10,10,10,10,10,10,10,10,10,0,0,10,10,10,0,10,10,10,10,10,10,10,10,10,10,10,0,10,10,0,10,10,10,10,0,10,10,10,10,0,10,10,10,10,10,10,10,0,10,10,10,10,10,10,10,10,10,0,10,0,10,10,10,10,10,10
70,10,10,10,10,10,10,10,10,10,0,10,10,10,10,10,10,10,10,10,10,10,10,10,10,10,10,10,10,10,10,10,10,10,0,0,10,10,10,10,10,10,10,10,10,10,10,10,0,10,10,10,0,10,10,10,10,10,10,10,10,10,10,10,10,10,10,10,10,10,0,10,10,10,10,10,10,10,10,10,10,10,10,10,0,10,10,10,10,10,10,10,10,10,10,10,0,10,10,10,10
71,10,10,10,10,10,10,10,10,10,10,10,10,0,0,10,10,10,10,10,10,0,10,10,0,10,10,10,10,10,10,10,0,10,10,10,10,10,10,10,0,10,10,10,10,10,10,10,10,10,10,10,10,10,0,10,10,10,10,10,10,10,10,0,10,10,10,10,10,10,10,0,10,10,10,10,10,10,10,10,10,10,10,0,10,10,10,10,10,10,10,0,10,10,10,10,10,10,10,0,0
72,10,10,10,10,10,10,0,10,10,10,10,10,10,10,10,10,10,10,10,10,10,10,10,10,10,10,10,10,10,10,10,10,10,10,10,10,10,10,10,10,0,10,10,10,10,10,10,10,10,10,10,10,10,10,0,0,10,10,0,10,10,10,10,10,10,10,10,10,10,10,10,0,10,10,10,10,10,10,10,10,0,10,10,10,10,10,0,10,0,10,10,10,10,10,10,10,10,10,10,10
73,0,10,10,10,10,10,10,10,10,10,10,10,10,10,10,10,10,10,10,0,10,10,10,10,10,10,10,10,10,10,10,10,10,10,10,10,10,0,0,10,10,10,10,10,10,10,10,10,10,10,10,10,10,10,10,10,10,10,10,10,10,10,10,10,10,10,10,10,10,10,10,10,0,10,10,10,10,10,10,10,10,10,10,10,10,10,10,10,10,10,10,10,10,10,0,10,0,10,10,10
74,10,10,10,10,10,10,10,0,10,10,10,10,10,10,10,10,10,10,10,10,10,10,10,10,10,10,10,10,10,10,10,10,10,10,10,10,10,10,10,10,10,10,10,0,0,10,10,10,0,10,10,10,10,10,10,10,10,10,10,10,0,10,10,0,10,10,10,10,0,10,10,10,10,0,10,10,10,10,10,10,10,0,10,10,10,10,10,10,10,10,10,0,10,0,10,10,10,10,10,10
75,10,0,10,10,10,10,10,10,10,10,10,10,10,10,10,10,10,10,10,10,10,0,0,10,0,10,10,10,10,0,10,10,10,10,10,10,10,10,10,10,10,0,10,10,10,10,10,10,10,10,10,10,10,10,10,10,10,10,10,10,10,10,10,10,0,10,0,10,10,10,10,10,10,10,0,0,10,10,0,10,10,10,10,10,10,10,10,10,10,0,10,10,10,10,10,10,10,10,10,10
76,10,0,10,10,10,10,10,10,10,10,10,10,10,10,10,10,10,10,10,10,10,0,0,10,0,10,10,10,10,0,10,10,10,10,10,10,10,10,10,10,10,0,10,10,10,10,10,10,10,10,10,10,10,10,10,10,10,10,10,10,10,10,10,10,0,10,0,10,10,10,10,10,10,10,0,0,10,10,0,10,10,10,10,10,10,10,10,10,10,0,10,10,10,10,10,10,10,10,10,10
77,10,10,0,10,0,10,10,10,10,10,0,10,10,10,10,0,10,10,10,10,10,10,10,10,10,10,10,10,10,10,10,10,0,10,10,10,10,10,10,10,10,10,0,10,10,10,10,10,10,10,0,10,10,10,10,10,10,10,10,10,10,0,10,10,10,10,10,10,10,10,10,10,10,10,10,10,0,10,10,10,10,10,10,10,10,10,10,10,10,10,10,10,10,10,10,10,10,0,10,10
78,10,10,10,10,10,10,10,10,10,10,10,10,10,10,0,10,10,10,0,10,10,10,10,10,10,10,0,0,0,10,10,10,10,10,10,10,0,10,10,10,10,10,10,10,10,10,0,10,10,10,10,10,10,10,10,10,10,0,10,10,10,10,10,10,10,10,10,0,10,10,10,10,10,10,10,10,10,0,10,10,10,10,10,10,0,10,10,10,10,10,10,10,10,10,10,10,10,10,10,10
79,10,0,10,10,10,10,10,10,10,10,10,10,10,10,10,10,10,10,10,10,10,0,0,10,0,10,10,10,10,0,10,10,10,10,10,10,10,10,10,10,10,0,10,10,10,10,10,10,10,10,10,10,10,10,10,10,10,10,10,10,10,10,10,10,0,10,0,10,10,10,10,10,10,10,0,0,10,10,0,10,10,10,10,10,10,10,10,10,10,0,10,10,10,10,10,10,10,10,10,10
80,10,10,10,10,10,10,10,10,0,10,10,10,10,10,10,10,0,10,10,10,10,10,10,10,10,0,10,10,10,10,10,10,10,10,10,0,10,10,10,10,10,10,10,10,10,10,10,10,10,10,10,10,0,10,10,10,10,10,10,10,10,10,10,10,10,0,10,10,10,10,10,10,10,10,10,10,10,10,10,0,10,10,10,10,10,0,10,10,10,10,10,10,0,10,10,10,10,10,10,10
81,10,10,10,10,10,10,0,10,10,10,10,10,10,10,10,10,10,10,10,10,10,10,10,10,10,10,10,10,10,10,10,10,10,10,10,10,10,10,10,10,0,10,10,10,10,10,10,10,10,10,10,10,10,10,0,0,10,10,0,10,10,10,10,10,10,10,10,10,10,10,10,0,10,10,10,10,10,10,10,10,0,10,10,10,10,10,0,10,0,10,10,10,10,10,10,10,10,10,10,10
82,10,10,10,10,10,10,10,0,10,10,10,10,10,10,10,10,10,10,10,10,10,10,10,10,10,10,10,10,10,10,10,10,10,10,10,10,10,10,10,10,10,10,10,0,0,10,10,10,0,10,10,10,10,10,10,10,10,10,10,10,0,10,10,0,10,10,10,10,0,10,10,10,10,0,10,10,10,10,10,10,10,0,10,10,10,10,10,10,10,10,10,0,10,0,10,10,10,10,10,10
83,10,10,10,10,10,10,10,10,10,10,10,10,0,0,10,10,10,10,10,10,0,10,10,0,10,10,10,10,10,10,10,0,10,10,10,10,10,10,10,0,10,10,10,10,10,10,10,10,10,10,10,10,10,0,10,10,10,10,10,10,10,10,0,10,10,10,10,10,10,10,0,10,10,10,10,10,10,10,10,10,10,10,0,10,10,10,10,10,10,10,0,10,10,10,10,10,10,10,0,0
84,10,10,10,10,10,10,10,10,10,0,10,10,10,10,10,10,10,10,10,10,10,10,10,10,10,10,10,10,10,10,10,10,10,0,0,10,10,10,10,10,10,10,10,10,10,10,10,0,10,10,10,0,10,10,10,10,10,10,10,10,10,10,10,10,10,10,10,10,10,0,10,10,10,10,10,10,10,10,10,10,10,10,10,0,10,10,10,10,10,10,10,10,10,10,10,0,10,10,10,10
85,10,10,10,10,10,10,10,10,10,10,10,10,10,10,0,10,10,10,0,10,10,10,10,10,10,10,0,0,0,10,10,10,10,10,10,10,0,10,10,10,10,10,10,10,10,10,0,10,10,10,10,10,10,10,10,10,10,0,10,10,10,10,10,10,10,10,10,0,10,10,10,10,10,10,10,10,10,0,10,10,10,10,10,10,0,10,10,10,10,10,10,10,10,10,10,10,10,10,10,10
86,10,10,10,10,10,10,10,10,0,10,10,10,10,10,10,10,0,10,10,10,10,10,10,10,10,0,10,10,10,10,10,10,10,10,10,0,10,10,10,10,10,10,10,10,10,10,10,10,10,10,10,10,0,10,10,10,10,10,10,10,10,10,10,10,10,0,10,10,10,10,10,10,10,10,10,10,10,10,10,0,10,10,10,10,10,0,10,10,10,10,10,10,0,10,10,10,10,10,10,10
87,10,10,10,10,10,10,0,10,10,10,10,10,10,10,10,10,10,10,10,10,10,10,10,10,10,10,10,10,10,10,10,10,10,10,10,10,10,10,10,10,0,10,10,10,10,10,10,10,10,10,10,10,10,10,0,0,10,10,0,10,10,10,10,10,10,10,10,10,10,10,10,0,10,10,10,10,10,10,10,10,0,10,10,10,10,10,0,10,0,10,10,10,10,10,10,10,10,10,10,10
88,10,10,10,0,10,0,10,10,10,10,10,0,10,10,10,10,10,0,10,10,10,10,10,10,10,10,10,10,10,10,0,10,10,10,10,10,10,10,10,10,10,10,10,10,10,0,10,10,10,0,10,10,10,10,10,10,0,10,10,0,10,10,10,10,10,10,10,10,10,10,10,10,10,10,10,10,10,10,10,10,10,10,10,10,10,10,10,0,10,10,10,10,10,10,10,10,10,10,10,10
89,10,10,10,10,10,10,0,10,10,10,10,10,10,10,10,10,10,10,10,10,10,10,10,10,10,10,10,10,10,10,10,10,10,10,10,10,10,10,10,10,0,10,10,10,10,10,10,10,10,10,10,10,10,10,0,0,10,10,0,10,10,10,10,10,10,10,10,10,10,10,10,0,10,10,10,10,10,10,10,10,0,10,10,10,10,10,0,10,0,10,10,10,10,10,10,10,10,10,10,10
90,10,0,10,10,10,10,10,10,10,10,10,10,10,10,10,10,10,10,10,10,10,0,0,10,0,10,10,10,10,0,10,10,10,10,10,10,10,10,10,10,10,0,10,10,10,10,10,10,10,10,10,10,10,10,10,10,10,10,10,10,10,10,10,10,0,10,0,10,10,10,10,10,10,10,0,0,10,10,0,10,10,10,10,10,10,10,10,10,10,0,10,10,10,10,10,10,10,10,10,10
91,10,10,10,10,10,10,10,10,10,10,10,10,0,0,10,10,10,10,10,10,0,10,10,0,10,10,10,10,10,10,10,0,10,10,10,10,10,10,10,0,10,10,10,10,10,10,10,10,10,10,10,10,10,0,10,10,10,10,10,10,10,10,0,10,10,10,10,10,10,10,0,10,10,10,10,10,10,10,10,10,10,10,0,10,10,10,10,10,10,10,0,10,10,10,10,10,10,10,0,0
92,10,10,10,10,10,10,10,0,10,10,10,10,10,10,10,10,10,10,10,10,10,10,10,10,10,10,10,10,10,10,10,10,10,10,10,10,10,10,10,10,10,10,10,0,0,10,10,10,0,10,10,10,10,10,10,10,10,10,10,10,0,10,10,0,10,10,10,10,0,10,10,10,10,0,10,10,10,10,10,10,10,0,10,10,10,10,10,10,10,10,10,0,10,0,10,10,10,10,10,10
93,10,10,10,10,10,10,10,10,0,10,10,10,10,10,10,10,0,10,10,10,10,10,10,10,10,0,10,10,10,10,10,10,10,10,10,0,10,10,10,10,10,10,10,10,10,10,10,10,10,10,10,10,0,10,10,10,10,10,10,10,10,10,10,10,10,0,10,10,10,10,10,10,10,10,10,10,10,10,10,0,10,10,10,10,10,0,10,10,10,10,10,10,0,10,10,10,10,10,10,10
94,10,10,10,10,10,10,10,0,10,10,10,10,10,10,10,10,10,10,10,10,10,10,10,10,10,10,10,10,10,10,10,10,10,10,10,10,10,10,10,10,10,10,10,0,0,10,10,10,0,10,10,10,10,10,10,10,10,10,10,10,0,10,10,0,10,10,10,10,0,10,10,10,10,0,10,10,10,10,10,10,10,0,10,10,10,10,10,10,10,10,10,0,10,0,10,10,10,10,10,10
95,0,10,10,10,10,10,10,10,10,10,10,10,10,10,10,10,10,10,10,0,10,10,10,10,10,10,10,10,10,10,10,10,10,10,10,10,10,0,0,10,10,10,10,10,10,10,10,10,10,10,10,10,10,10,10,10,10,10,10,10,10,10,10,10,10,10,10,10,10,10,10,10,0,10,10,10,10,10,10,10,10,10,10,10,10,10,10,10,10,10,10,10,10,10,0,10,0,10,10,10
96,10,10,10,10,10,10,10,10,10,0,10,10,10,10,10,10,10,10,10,10,10,10,10,10,10,10,10,10,10,10,10,10,10,0,0,10,10,10,10,10,10,10,10,10,10,10,10,0,10,10,10,0,10,10,10,10,10,10,10,10,10,10,10,10,10,10,10,10,10,0,10,10,10,10,10,10,10,10,10,10,10,10,10,0,10,10,10,10,10,10,10,10,10,10,10,0,10,10,10,10
97,0,10,10,10,10,10,10,10,10,10,10,10,10,10,10,10,10,10,10,0,10,10,10,10,10,10,10,10,10,10,10,10,10,10,10,10,10,0,0,10,10,10,10,10,10,10,10,10,10,10,10,10,10,10,10,10,10,10,10,10,10,10,10,10,10,10,10,10,10,10,10,10,0,10,10,10,10,10,10,10,10,10,10,10,10,10,10,10,10,10,10,10,10,10,0,10,0,10,10,10
98,10,10,0,10,0,10,10,10,10,10,0,10,10,10,10,0,10,10,10,10,10,10,10,10,10,10,10,10,10,10,10,10,0,10,10,10,10,10,10,10,10,10,0,10,10,10,10,10,10,10,0,10,10,10,10,10,10,10,10,10,10,0,10,10,10,10,10,10,10,10,10,10,10,10,10,10,0,10,10,10,10,10,10,10,10,10,10,10,10,10,10,10,10,10,10,10,10,0,10,10
99,10,10,10,10,10,10,10,10,10,10,10,10,0,0,10,10,10,10,10,10,0,10,10,0,10,10,10,10,10,10,10,0,10,10,10,10,10,10,10,0,10,10,10,10,10,10,10,10,10,10,10,10,10,0,10,10,10,10,10,10,10,10,0,10,10,10,10,10,10,10,0,10,10,10,10,10,10,10,10,10,10,10,0,10,10,10,10,10,10,10,0,10,10,10,10,10,10,10,0,0
100,10,10,10,10,10,10,10,10,10,10,10,10,0,0,10,10,10,10,10,10,0,10,10,0,10,10,10,10,10,10,10,0,10,10,10,10,10,10,10,0,10,10,10,10,10,10,10,10,10,10,10,10,10,0,10,10,10,10,10,10,10,10,0,10,10,10,10,10,10,10,0,10,10,10,10,10,10,10,10,10,10,10,0,10,10,10,10,10,10,10,0,10,10,10,10,10,10,10,0,0